{"cameraMode":{"drawMode":0,"name":"Shaded","section":"Shading Mode"},"sceneLighting":false,"audioPlay":false,"sceneViewState":{"showFog":true,"showMaterialUpdate":false,"showSkybox":false,"showFlares":true,"showImageEffects":true,"showParticleSystems":true},"in2DMode":false,"pivot":{"x":-0.2860238552093506,"y":-6.330212116241455,"z":4.947992324829102},"rotation":{"x":-0.4653499722480774,"y":-0.21717125177383424,"z":0.11892487853765488,"w":-0.849795937538147},"size":12.800100326538086,"orthographic":false}