{"cameraMode":{"drawMode":0,"name":"Shaded","section":"Shading Mode"},"sceneLighting":false,"audioPlay":false,"sceneViewState":{"showFog":true,"showMaterialUpdate":false,"showSkybox":false,"showFlares":true,"showImageEffects":true,"showParticleSystems":true},"in2DMode":false,"pivot":{"x":0.0,"y":3.2309999465942385,"z":2.427999973297119},"rotation":{"x":0.16417168080806733,"y":0.8122106790542603,"z":-0.2727677524089813,"w":0.48884767293930056},"size":2.4173552989959719,"orthographic":false}