{"cameraMode":{"drawMode":0,"name":"Shaded","section":"Shading Mode"},"sceneLighting":false,"audioPlay":false,"sceneViewState":{"showFog":true,"showMaterialUpdate":false,"showSkybox":false,"showFlares":true,"showImageEffects":true,"showParticleSystems":true},"in2DMode":false,"pivot":{"x":-0.71864914894104,"y":-3.1212339401245119,"z":2.881186008453369},"rotation":{"x":-0.39121031761169436,"y":-0.1532171219587326,"z":0.06622886657714844,"w":-0.9050425291061401},"size":10.834352493286133,"orthographic":false}